"MAAKVASTSSEEAEGSLVTEGEMGEKALPVVYKRYICSFADCGAAYNKNWKLQAHLCKHTGEKPFPCKEEGCEKGFTSLHHLTRHSLTHTGEKNFTCDSDGCDLRFTTKANMKKHFNRFHNIKICVYVCHFENCGKAFKKHNQLKVHQFSHTQQLPYECPHEGCDKRFSLPSRLKRHEKVHAGYPCKKDDSCSFVGKTWTLYLKHVAECHQDLAVCDVCNRKFRHKDYLRDHQKTHEKERTVYLCPRDGCDRSYTTAFNLRSHIQSFHEEQRPFVCEHAGCGKCFAMKKSLERHSVVHDPEKRKLKEKCPRPKRSLASRLTGYIPPKSKEKNASVSGTEKTDSLVKNKPSGTETNGSLVLDKLTIQ","DRNA"
"MAEGGAARGTREEQGKLPEQEEEEEEDPQVLRGSGHCKWFNVRMGFGFISMTSREGSPLENPVDVFVHQSKLYMEGFRSLKEGEPVEFTFKKSSKGFESLRVTGPGGNPCLGNERRPKGKTVQKRKPKGDRCYNCGGLDHHAKECNLPPQPKKCHYCQSIMHMVANCPHKIVPQHPTTSQGRYEAEPQPSTSSFQREGGVAFGYSSPSYSQEGRSELSERSSRSPQEASLSKISTSPEEQSRKGPSVQKRKKT","DRNA"
"MEDEMPKTLYVGNLSRDVTEALILQLFSQIGPCKNCKMIMDTAGNDPYCFVEFHEHRHAAAALAAMNGRKIMGKEVKVNWATTPSSQKKDTSSSTVVSTQRSQDHFHVFVGDLSPEITTEDIKAAFAPFGRISDARVVKDMATGKSKGYGFVSFFNKWDAENAIQQMGGQWLGGRQIRTNWATRKPPAPKSTYESNTKQLSYDEVVNQSSPSNCTVYCGGVTSGLTEQLMRQTFSPFGQIMEIRVFPDKGYSFVRFNSHESAAHAIVSVNGTTIEGHVVKCYWGKETLDMINPVQQQNQIGYPQPYGQWGQWYGNAQQIGQYMPNGWQVPAYGMYGQAWNQQGFNQTQSSAPWMGPNYGVQPPQGQNGSMLPNQPSGYRVAGYETQ","DRNA"
"MGQTVTTPLSLTLGHWKDVERIAHNQSVDVKKRRWVTFCSAEWPTFNVGWPRDGTFNRDLITQVKIKVFSPGPHGHPDQVPYIVTWEALAFDPPPWVKPFVHPKPPPPLPPSAPSLPLEPPRSTPPRSSLYPALTPSLGAKPKPQVLSDSGGPLIDLLTEDPPPYRDPRPPPSDRDGNGGEATPAGEAPDPSPMASRLRGRREPPVADSTTSQAFPLRAGGNGQLQYWPFSSSDLYNWKNNNPSFSEDPGKLTALIESVLITHQPTWDDCQQLLGTLLTGEEKQRVLLEARKAVRGDDGRPTQLPNEVDAAFPLERPDWDYTTQAGRNHLVHYRQLLLAGLQNAGRSPTNLAKVKGITQGPNESPSAFLERLKEAYRRYTPYDPEDPGQETNVSMSFIWQSAPDIGRKLERLEDLKNKTLGDLVREAEKIFNKRETPEEREERIRRETEEKEERRRTEDEQKEKERDRRRHREMSKLLATVVSGQKQDRQGGERRRSQLDRDQCAYCKEKGHWAKDCPKKPRGPRGPRPQTSLLTLDDGGGQGQEPPPEPRITLKVGGQPVTFLVDTGAQHSVLTQNPGPLSDKSAWVQGATGGKRYRWTTDRKVHLATGKVTHSFLHVPDCPYPLLGRDLLTKLKAQIHFEGSGAQVMGPMGQPLQVLTLNIEDEHRLHETSKEPDVSLGSTWLSDFPQAWAETGGMGLAVRQAPLIIPLKATSTPVSIKQYPMSQEARLGIKPHIQRLLDQGILVPCQSPWNTPLLPVKKPGTNDYRPVQDLREVNKRVEDIHPTVPNPYNLLSGLPPSHQWYTVLDLKDAFFCLRLHPTSQPLFAFEWRDPEMGISGQLTWTRLPQGFKNSPTLFDEALHRDLADFRIQHPDLILLQYVDDLLLAATSELDCQQGTRALLQTLGNLGYRASAKKAQICQKQVKYLGYLLKEGQRWLTEARKETVMGQPTPKTPRQLREFLGTAGFCRLWIPGFAEMAAPLYPLTKTGTLFNWGPDQQKAYQEIKQALLTAPALGLPDLTKPFELFVDEKQGYAKGVLTQKLGPWRRPVAYLSKKLDPVAAGWPPCLRMVAAIAVLTKDAGKLTMGQPLVILAPHAVEALVKQPPDRWLSNARMTHYQALLLDTDRVQFGPVVALNPATLLPLPEEGLQHNCLDILAEAHGTRPDLTDQPLPDADHTWYTDGSSLLQEGQRKAGAAVTTETEVIWAKALPAGTSAQRAELIALTQALKMAEGKKLNVYTDSRYAFATAHIHGEIYRRRGLLTSEGKEIKNKDEILALLKALFLPKRLSIIHCPGHQKGHSAEARGNRMADQAARKAAITETPDTSTLLIENSSPYTSEHFHYTVTDIKDLTKLGAIYDKTKKYWVYQGKPVMPDQFTFELLDFLHQLTHLSFSKMKALLERSHSPYYMLNRDRTLKNITETCKACAQVNASKSAVKQGTRVRGHRPGTHWEIDFTEIKPGLYGYKYLLVFIDTFSGWIEAFPTKKETAKVVTKKLLEEIFPRFGMPQVLGTDNGPAFVSKVSQTVADLLGIDWKLHCAYRPQSSGQVERMNRTIKETLTKLTLATGSRDWVLLLPLALYRARNTPGPHGLTPYEILYGAPPPLVNFPDPDMTRVTNSPSLQAHLQALYLVQHEVWRPLAAAYQEQLDRPVVPHPYRVGDTVWVRRHQTKNLEPRWKGPYTVLLTTPTALKVDGIAAWIHAAHVKAADPGGGPSSRLTWRVQRSQNPLKIRLTREAP","DRNA"
"MIEVTFTPYDVLLFRESRPFDAGSESVARSIIPLPQTVAGAIRTLLFYKGLKNCVGVGEEEPEFTLVGIAIGTEKGRIYPLPFNIIKSEKFYKVVNPGRFLGKLILPPKGKYKSGYVTESILEKYLKGELKEVEENKVIRIEKEKRIGIKLSREKKVVEEGMLYTVEFLRIEKIYAWIEDPGCGIKDILSSYEFLTLGGESRVAFVEVDDKTPDIFNRELGSTKKALFYFSTPTIGKVGEIVQELEKRLNAKIDDYLLVSSRPTAISGWDMHEKKPKGTKFAIPPGSVLFVEFKEEVEVPPYIKLGKLKKLGYGLALGGIWE","DRNA"
"MKIIIEYDSCWRNAFLGGSNNEPVPKKGREFLGSMTSLKKEGNFKVCENTLDTVMGVLNRLIGDQRKLYQARSKMYESAYYFEALEDKVSFIDKPQLTNEISFIRNMNGSTDQNAFTGMIKVSDPVFTSEYSQQFWGVLALDFTQLCDFIIKQSQVVGSIELNPLSIINRLESLNQEKALENSDDLAQVLKVLNEYFPDIEYLNNKGLITPISIYCSALYLQLARLETSFNMTTAKTKAGGISGISKRGFTKKDFMDRYTTGPKKTIWGNPFIKKEKIKGQGEVTSMMTKASGQLEISIDVDRDKAQEIKILIENAGVSSFYLGKKGLAYVSNIKL","DRNA"
"MKKEVRKVRIALASPEKIRSWSYGEVEKPETINYRTLKPERDGLFDERIFGPIKDYECACGKYKRQRFEGKVCERCGVEVTKSIVRRYRMGHIELATPAAHIWFVKDVPSKIGTLLDLSATELEQVLYFSKYIVLDPKGAILNGVPVEKRQLLTDEEYRELRYGKQETYPLPPGVDALVKDGEEVVKGQELAPGVVSRLDGVALYRFPRRVRVEYVKKERAGLRLPLAAWVEKEAYKPGEILAELPEPYLFRAEEEGVVELKELEEGAFLVLRREDEPVATYFLPVGMTPLVVHGEIVEKGQPLAEAKGLLRMPRQVRAAQVEAEEEGETVYLTLFLEWTEPKDYRVQPHMNVVVPEGARVEAGDKIVAAIDPEEEVIAEAEGVVHLHEPASILVVKARVYPFEDDVEVSTGDRVAPGDVLADGGKVKSDVYGRVEVDLVRNVVRVVESYDIDARMGAEAIQQLLKELDLEALEKELLEEMKHPSRARRAKARKRLEVVRAFLDSGNRPEWMILEAVPVLPPDLRPMVQVDGGRFATSDLNDLYRRLINRNNRLKKLLAQGAPEIIIRNEKRMLQEAVDALLDNGRRGAPVTNPGSDRPLRSLTDILSGKQGRFRQNLLGKRVDYSGRSVIVVGPQLKLHQCGLPKRMALELFKPFLLKKMEEKGIAPNVKAARRMLERQRDIKDEVWDALEEVIHGKVVLLNRAPTLHRLGIQAFQPVLVEGQSIQLHPLVCEAFNADFDGDQMAVHVPLSSFAQAEARIQMLSAHNLLSPASGEPLAKPSRDIILGLYYITQVRKEKKGAGLEFATPEEALAAHERGEVALNAPIKVAGRETSVGRLKYVFANPDEALLAVAHGIVDLQDVVTVRYMGKRLETSPGRILFARIVAEAVEDEKVAWELIQLDVPQEKNSLKDLVYQAFLRLGMEKTARLLDALKYYGFTFSTTSGITIGIDDAVIPEEKKQYLEEADRKLLQIEQAYEMGFLTDRERYDQILQLWTETTEKVTQAVFKNFEENYPFNPLYVMAQSGARGNPQQIRQLCGLRGLMQKPSGETFEVPVRSSFREGLTVLEYFISSHGARKGGADTALRTADSGYLTRKLVDVTHEIVVREADCGTTNYISVPLFQPDEVTRSLRLRKRADIEAGLYGRVLAREVEVLGVRLEEGRYLSMDDVHLLIKAAEAGEIQEVPVRSPLTCQTRYGVCQKCYGYDLSMARPVSIGEAVGIVAAQSIGEPGTQLTMRTFHTGGVAGAADITQGLPRVIELFEARRPKAKAVISEIDGVVRIEETEEKLSVFVESEGFSKEYKLPKEARLLVKDGDYVEAGQPLTRGAIDPHQLLEAKGPEAVERYLVEEIQKVYRAQGVKLHDKHIEIVVRQMMKYVEVTDPGDSRLLEGQVLEKWDVEALNERLIAEGKTPVAWKPLLMGVTKSALSTKSWLSAASFQNTTHVLTEAAIAGKKDELIGLKENVILGRLIPAGTGSDFVRFTQVVDQKTLKAIEEARKEAVEAKERPAARRGVKREQPGKQA","DRNA"
"MKKEVRKVRIALASPEKIRSWSYGEVEKPETINYRTLKPERDGLFDERIFGPIKDYECACGKYKRQRFEGKVCERCGVEVTRSIVRRYRMGHIELATPAAHIWFVKDVPSKIGTLLDLSATELEQVLYFNKYIVLDPKGAVLDGVPVEKRQLLTDEEYRELRYGKQETYPLPAGVDALVKDGEEVVKGQELAPGVVSRMDGVALYRFPRRVRVDYLRKERAALRIPLSAWVEKEAYRPGEVLAELSEPYLFRAEESGVVELKDLAEGHLIYLRQEEEVVARYFLPAGMTPLVVEGEIVEVGQPLAEGKGLLRLPRHMTAKEVEAEEEGDSVHLTLFLEWTEPKDYKVAPHMNVIVPEGAKVQAGEKIVAAIDPEEEVIAEAEGVVHLHEPASILVVKARVYPFEDDVEVTTGDRVAPGDVLADGGKVKSEIYGRVEVDLVRNVVRVVESYDIDARMGAEAIQELLKELDLEKLERELLEEMKHPSRARRAKARKRLEVVRAFLDSGNRPEWMILEAVPVLPPDLRPMVQVDGGRFATSDLNDLYRRLINRNNRLKKLLAQGAPEIIIRNEKRMLQEAVDAVIDNGRRGSPVTNPGSERPLRSLTDILSGKQGRFRQNLLGKRVDYSGRSVIVVGPQLKLHQCGLPKRMALELFKPFLLKKMEEKAFAPNVKAARRMLERQRDIKDEVWDALEEVIHGKVVLLNRAPTLHRLGIQAFQPVLVEGQSIQLHPLVCEAFNADFDGDQMAVHVPLSSFAQAEARIQMLSAHNLLSPASGEPLAKPSRDIILGLYYITQVRKEKKGAGMAFATPEEALAAYERGEVALNAPIVVAGRETSVGRLKFVFANPDEALLAVAHGLLDLQDVVTVRYLGRRLETSPGRILFARIVGEAVGDEKVAQELIQMDVPQEKNSLKDLVYQAFLRLGMEKTARLLDALKYYGFTLSTTSGITIGIDDAVIPEEKQRYLEEADRKLRQIEQAYEMGFLTDRERYDQVIQLWTETTEKVTQAVFKNFEENYPFNPLYVMAQSGARGNPQQIRQLCGMRGLMQKPSGETFEVPVRSSFREGLTVLEYFISSHGARKGGADTALRTADSGYLTRKLVDVAHEIVVREADCGTTNYISVPLFQMDEVTRTLRLRKRSDIESGLYGRVLAREVEALGRRLEEGRYLSLEDVHFLIKAAEAGEVREVPVRSPLTCQTRYGVCQKCYGYDLSMARPVSIGEAVGVVAAESIGEPGTQLTMRTFHTGGVAVGTDITQGLPRVIELFEARRPKAKAVISEIDGVVRIEEGEDRLSVFVESEGFSKEYKLPKDARLLVKDGDYVEAGQPLTRGAIDPHQLLEAKGPEAVERYLVDEIQKVYRAQGVKLHDKHIEIVVRQMLKYVEVTDPGDSRLLEGQVLEKWDVEALNERLIAEGKVPVAWKPLLMGVTKSALSTKSWLSAASFQNTTHVLTEAAIAGKKDELIGLKENVILGRLIPAGTGSDFVRFTQVVDQRTLKAIEEARKEAVEAKEKEAPRRPVRREQPGKGL","DRNA"
"MKKSKSKKKAAKAQEVEVKEPVKEPEPLPELEAAEDLQDLPEPDPELLASEPELEDLADPLDLEGPLEADLLPEEGLLEEEEEELSLPKVSTSDPVRQYLHEIGQVPLLTLEEEIDLARKVEEGMEAIKKLSEATGLDQELIREVVRAKILGTARIQKIPGLKEKPDPKTVEEVDGKLKSLPKELKRYLHIAREGEAARQHLIEANLRLVVSIAKKYTGRGLSFLDLIQEGNQGLIRAVEKFEYKRRFKFSTYATWWIRQAINRAIADQARTIRIPVHMVETINKLSRTARQLQQELGREPSYEEIAEAMGPGWDAKRVEETLKIAQEPVSLETPIGDEKDSFYGDFIPDENLPSPVEAAAQSLLSEELEKALSKLSEREAMVLKLRKGLIDGREHTLEEVGAYFGVTRERIRQIENKALRKLKYHESRTRKLRDFLE","DRNA"
"MKLTIPELSLVVLIGSSGSGKSTFAKKHFKPTEVISSDFCRGLVSDDENDQTVTGAAFDVLHYIVSKRLQLGKLTVVDATNVQESARKPLIEIAKDYHCFPVAVVFNLPEKVCQERNKNRTDRQVEEYVIRKHTQQLKKSIKGLQREGFRYVYILNSPEEVEEVVFERQPLWNNKKDEHGPFDIIGDIHGCYDELKMLLEKLGYLIEEVEGGVGSGKYRVTHPEGRKVLFLGDLVDRGPKITEVLKLVMGMVKSGIALCVPGNHDVKLLRKLNGRDVQITHGLDRTLEQLAKEPQEFIEEVKAFIDGLVSHYVLDDGKLVVAHAGMKEEFQGRGSGKVREFALYGETTGETDEYGLPVRYDWASDYRGKALVVYGHTPQAEVLKVNNTINIDTGCVFGGKLTAYRYPEREIVDVKALKTYYEPAKPFLPKEDMAERFEARTDNDILDINDVLGKKIITTRLMSSITIHEENSIAALEVMSRFAADPHWLIYLPPTMSPCETSKKEGMLEHPIEAFEYFRTRGVGKVVCEQKHMGSRAVVIVCKDSQVAEKRFGVLDGTAGICYTRTGRHFFDDMQLEAELIDRVRKVLDKSGFWGDFNTDWVCLDCELMPWSAKAQKLLEEQYSAVGISGRVVLDEAVKLLKQASLNKTVSFDVSRQTSGKNADINELLQRFTERSEMMQKYVEAYRKYCWPVNSIDDLKLAPFHILATEGKVHSDKNHIWHMDTIAKYCTQDDSLIMATNHILVDVTDAESVDKGIKWWEDLTASGGEGMVVKPYDFIVKNGRELLQPAVKCRGREYLRIIYGPEYTMDENIERLRNRAVGKKRSLALREFSLGMEALERFVRNEPLYRVHECVFGVLALESEPVDPRL","DRNA"
"MLEGCILAVSSQSKSNAITNNSVPGAPNRVSFAKLREPLEVPGLLDVQTDSFEWLVGSDRWRQAAIDRGEENPVGGLEEVLAELSPIEDFSGSMSLSFSDPRFDEVKASVDECKDKDMTYAAPLFVTAEFINNNTGEIKSQTVFMGDFPMMTEKGTFIINGTERVVVSQLVRSPGVYFDETIDKSTEKTLHSVKVIPGRGAWLEFDVDKRDTVGVRIDRKRRQPVTVLLKALGWTNEQIVERFGFSEIMMGTLEKDTTSGTDEALLDIYRKLRPGEPPTKESAQTLLENLFFKEKRYDLARVGRYKVNKKLGLNAGKPITSSTLTEEDVVATIEYLVRLHEGQTSMTVPGGVEVPVEVDDIDHFGNRRLRTVGELIQNQIRVGLSRMERVVRERMTTQDVEAITPQTLINIRPVVAAIKEFFGTSQLSQFMDQNNPLSGLTHKRRLSALGPGGLSRERAGLEVRDVHPSHYGRMCPIETPEGPNIGLIGSLSVYARVNPFGFIETPYRKVENGVVTDQIDYLTADEEDRHVVAQANSPTDENGRFTEDRVMVRKKGGEVEFVSADQVDYMDVSPRQMVSVATAMIPFLEHDDANRALMGANMQRQAVPLVRSEAPLVGTGMELRAAIDAGDVVVADKTGVIEEVSADYITVMADDGTRQSYRLRKFARSNHGTCANQRPIVDAGQRVEAGQVIADGPCTQNGEMALGKNLLVAIMPWEGHNYEDAIILSNRLVEEDVLTSIHIEEHEIDARDTKLGAEEITRDIPNVSDEVLADLDERGIVRIGAEVRDGDILVGKVTPKGETELTPEERLLRAIFGEKAREVRDTSLKVPHGESGKVIGIRVFSREDDDELPAGVNELVRVYVAQKRKISDGDKLAGRHGNKGVIGKILPVEDMPFLPDGTPVDIILNTHGVPRRMNIGQILETHLGWVAKAGWNIDVAAGVPDWASKLPEELYSAPADSTVATPVFDGAQEGELAGLLGSTLPNRDGEVMVDADGKSTLFDGRSGEPFPYPVTVGYMYILKLHHLVDDKIHARSTGPYSMITQQPLGGKAQFGGQRFGEMECWAMQAYGAAYTLQELLTIKSDDTVGRVKVYEAIVKGENIPEPGIPESFKVLLKELQSLCLNVEVLSSDGAAIEMRDGDDEDLERAAANLGINLSRNESASVEDLA","DRNA"
"MLEGKVKWFNSEKGFGFIEVEGQDDVFVHFSAIQGEGFKTLEEGQAVSFEIVEGNRGPQAANVTKEA","DRNA"
"MNPRQGYSLSGYYTHPFQGYEHRQLRYQQPGPGSSPSSFLLKQIEFLKGQLPEAPVIGKQTPSLPPSLPGLRPRFPVLLASSTRGRQVDIRGVPRGVHLRSQGLQRGFQHPSPRGRSLPQRGVDCLSSHFQELSIYQDQEQRILKFLEELGEGKATTAHDLSGKLGTPKKEINRVLYSLAKKGKLQKEAGTPPLWKIAVSTQAWNQHSGVVRPDGHSQGAPNSDPSLEPEDRNSTSVSEDLLEPFIAVSAQAWNQHSGVVRPDSHSQGSPNSDPGLEPEDSNSTSALEDPLEFLDMAEIKEKICDYLFNVSDSSALNLAKNIGLTKARDINAVLIDMERQGDVYRQGTTPPIWHLTDKKRERMQIKRNTNSVPETAPAAIPETKRNAEFLTCNIPTSNASNNMVTTEKVENGQEPVIKLENRQEARPEPARLKPPVHYNGPSKAGYVDFENGQWATDDIPDDLNSIRAAPGEFRAIMEMPSFYSHGLPRCSPYKKLTECQLKNPISGLLEYAQFASQTCEFNMIEQSGPPHEPRFKFQVVINGREFPPAEAGSKKVAKQDAAMKAMTILLEEAKAKDSGKSEESSHYSTEKESEKTAESQTPTPSATSFFSGKSPVTTLLECMHKLGNSCEFRLLSKEGPAHEPKFQYCVAVGAQTFPSVSAPSKKVAKQMAAEEAMKALHGEATNSMASDNQPEGMISESLDNLESMMPNKVRKIGELVRYLNTNPVGGLLEYARSHGFAAEFKLVDQSGPPHEPKFVYQAKVGGRWFPAVCAHSKKQGKQEAADAALRVLIGENEKAERMGFTEVTPVTGASLRRTMLLLSRSPEAQPKTLPLTGSTFHDQIAMLSHRCFNTLTNSFQPSLLGRKILAAIIMKKDSEDMGVVVSLGTGNRCVKGDSLSLKGETVNDCHAEIISRRGFIRFLYSELMKYNSQTAKDSIFEPAKGGEKLQIKKTVSFHLYISTAPCGDGALFDKSCSDRAMESTESRHYPVFENPKQGKLRTKVENGEGTIPVESSDIVPTWDGIRLGERLRTMSCSDKILRWNVLGLQGALLTHFLQPIYLKSVTLGYLFSQGHLTRAICCRVTRDGSAFEDGLRHPFIVNHPKVGRVSIYDSKRQSGKTKETSVNWCLADGYDLEILDGTRGTVDGPRNELSRVSKKNIFLLFKKLCSFRYRRDLLRLSYGEAKKAARDYETAKNYFKKGLKDMGYGNWISKPQEEKNFYLCPV","DRNA"
"MQKVTGIKSVDFKIKALGHGVVNWNGPTTLTGDDGKTVDNHTLPKLRGYTNLTGKVKDETGYKYKKQATDINFKETPLYISQNCIRHHLFREQAFDLHYASDKNLKNVLASITGLIRGYVVPSSQCKRTSPLLLEDFVDQLGNGNFEQYGQAGARDSTSFFSKTTFGDTEYISYGSISIEQLQFISLDKKFDRAAMVIKEGEGEVIAAELQNYIQSLNPSLNPQAIFHSNYVRRGTIFEEGECGILLNDDAVKALVAETLERLANLSIRQAKGYMYVDDITVDYNDSHKMMRIKRDESEIINEQHAPFAQYFYAK","DRNA"
"MRGMLPLFEPKGRVLLVDGHHLAYRTFHALKGLTTSRGEPVQAVYGFAKSLLKALKEDGDAVIVVFDAKAPSFRHEAYGGYKAGRAPTPEDFPRQLALIKELVDLLGLARLEVPGYEADDVLASLAKKAEKEGYEVRILTADKDLYQLLSDRIHVLHPEGYLITPAWLWEKYGLRPDQWADYRALTGDESDNLPGVKGIGEKTARKLLEEWGSLEALLKNLDRLKPAIREKILAHMDDLKLSWDLAKVRTDLPLEVDFAKRREPDRERLRAFLERLEFGSLLHEFGLLESPKALEEAPWPPPEGAFVGFVLSRKEPMWADLLALAAARGGRVHRAPEPYKALRDLKEARGLLAKDLSVLALREGLGLPPGDDPMLLAYLLDPSNTTPEGVARRYGGEWTEEAGERAALSERLFANLWGRLEGEERLLWLYREVERPLSAVLAHMEATGVRLDVAYLRALSLEVAEEIARLEAEVFRLAGHPFNLNSRDQLERVLFDELGLPAIGKTEKTGKRSTSAAVLEALREAHPIVEKILQYRELTKLKSTYIDPLPDLIHPRTGRLHTRFNQTATATGRLSSSDPNLQNIPVRTPLGQRIRRAFIAEEGWLLVALDYSQIELRVLAHLSGDENLIRVFQEGRDIHTETASWMFGVPREAVDPLMRRAAKTINFGVLYGMSAHRLSQELAIPYEEAQAFIERYFQSFPKVRAWIEKTLEEGRRRGYVETLFGRRRYVPDLEARVKSVREAAERMAFNMPVQGTAADLMKLAMVKLFPRLEEMGARMLLQVHDELVLEAPKERAEAVARLAKEVMEGVYPLAVPLEVEVGIGEDWLSAKE","DRNA"
"MSDLANSEKYYDEDPYGFEDESAPITAEDSWAVISAFFREKGLVSQQLDSFNQFVDYTLQDIICEDSTLILEQLAQHTTESDNISRKYEISFGKIYVTKPMVNESDGVTHALYPQEARLRNLTYSSGLFVDVKKRTYEAIDVPGRELKYELIAEESEDDSESGKVFIGRLPIMLRSKNCYLSEATESDLYKLKECPFDMGGYFIINGSEKVLIAQERSAGNIVQVFKKAAPSPISHVAEIRSALEKGSRFISTLQVKLYGREGSSARTIKATLPYIKQDIPIVIIFRALGIIPDGEILEHICYDVNDWQMLEMLKPCVEDGFVIQDRETALDFIGRRGTALGIKKEKRIQYAKDILQKEFLPHITQLEGFESRKAFFLGYMINRLLLCALDRKDQDDRDHFGKKRLDLAGPLLAQLFKTLFKKLTKDIFRYMQRTVEEAHDFNMKLAINAKTITSGLKYALATGNWGEQKKAMSSRAGVSQVLNRYTYSSTLSHLRRTNTPIGRDGKLAKPRQLHNTHWGLVCPAETPEGQACGLVKNLSLMSCISVGTDPMPIITFLSEWGMEPLEDYVPHQSPDATRVFVNGVWHGVHRNPARLMETLRTLRRKGDINPEVSMIRDIREKELKIFTDAGRVYRPLFIVEDDESLGHKELKVRKGHIAKLMATEYQDIEGGFEDVEEYTWSSLLNEGLVEYIDAEEEESILIAMQPEDLEPAEANEENDLDVDPAKRIRVSHHATTFTHCEIHPSMILGVAASIIPFPDHNQSPRNTYQSAMGKQAMGVFLTNYNVRMDTMANILYYPQKPLGTTRAMEYLKFRELPAGQNAIVAIACYSGYNQEDSMIMNQSSIDRGLFRSLFFRSYMDQEKKYGMSITETFEKPQRTNTLRMKHGTYDKLDDDGLIAPGVRVSGEDVIIGKTTPISPDEEELGQRTAYHSKRDASTPLRSTENGIVDQVLVTTNQDGLKFVKVRVRTTKIPQIGDKFASRHGQKGTIGITYRREDMPFTAEGIVPDLIINPHAIPSRMTVAHLIECLLSKVAALSGNEGDASPFTDITVEGISKLLREHGYQSRGFEVMYNGHTGKKLMAQIFFGPTYYQRLRHMVDDKIHARARGPMQVLTRQPVEGRSRDGGLRFGEMERDCMIAHGAASFLKERLMEASDAFRVHICGICGLMTVIAKLNHNQFECKGCDNKIDIYQIHIPYAAKLLFQELMAMNITPRLYTDRSRDF","DRNA"
"MSEYIRVTEDENDEPIEIPSEDDGTVLLSTVTAQFPGACGLRYRNPVSQCMRGVRLVEGILHAPDAGWGNLVYVVNYPKDNKRKMDETDASSAVKVKRAVQKTSDLIVLGLPWKTTEQDLKEYFSTFGEVLMVQVKKDLKTGHSKGFGFVRFTEYETQVKVMSQRHMIDGRWCDCKLPNSKQSQDEPLRSRKVFVGRCTEDMTEDELREFFSQYGDVMDVFIPKPFRAFAFVTFADDQIAQSLCGEDLIIKGISVHISNAEPKHNSNRQLERSGRFGGNPGGFGNQGGFGNSRGGGAGLGNNQGSNMGGGMNFGAFSINPAMMAAAQAALQSSWGMMGMLASQQNQSGPSGNNQNQGNMQREPNQAFGSGNNSYSGSNSGAAIGWGSASNAGSGSGFNGGFGSSMDSKSSGWGM","DRNA"
"MSQFPYSSAPLRSVKEVQFGLLSPEEIRAISVVKIEYPEIMDESRQRPREGGLNDPKLGSIDRNFKCQTCGEGMAECPGHFGHMELAKPVFHIGFIPKIKKVCECICMNCGKLLLDETNPTMAQAIRIRDPKKRFNAVWQLCKTKMVCEADAPVDEYSEQKVVSRGGCGNTQPVVRKDGMKLWGTWKKSGFSDRDAQPERKLLTPGEILNVFKHISPEDCFRLGFNEDYARPEWMIITVLPVPPPQVRPSIAMDETTQGQDDLTHKLSDILKANINVQKLEMDGSPQHIINEVEQLLQFHVATYMDNDIAGQPQALQKSGRPVKAIRARLKGKEGRLRGNLMGKRVDFSARTVISGDPNLELDQVGVPISIAKTLSYPETVTQYNIHRLTEYVRNGPNEHPGAKYVIRDNGDRIDLRYHKRAGDIVLQYGWKVERHLMDDDPVLFNRQPSLHKMSMMAHRVKVMPYSTFRLNLSVTSPYNADFDGDEMNLHVPQSEETRAELSQLCAVPLQIVSPQSNKPVMGIVQDTLCGVRKMTLRDTFIEYEQVMNMLFWVPSWDGVVPQPAILKPKPLWTGKQLLSIAIPSGIHLQRTDGGNSLLSPKDNGMLIVDGKVMFGVVDKKTVGSGGGGLIHTVMREKGPKICAELFGNIQKVVNYWLLHNGFSIGIGDAIADASTMKEITHAISSAKEQVQEIIYKAQHNELELKPGMTLRESFEGEVSRTLNDARDSAGRSAEMNLKDLNNVKQMVSAGSKGSFINIAQMSACVGQQMVEGKRIAFGFADRSLPHFTKDDFSPESKGFVENSYLRGLTPQEFFFHAMAGREGLIDTAVKTAETGYIQRRLVKALEDIMVHYDGTTRNSLGDIIQFLYGEDGLDGTQVERQTIDTIPGSDKAFHKRYYVDLMDEKNSIKPDVIEYAADILGDVELQKELNSEYEQLVSDRKFLREIVFVNGDHNWPLPVNLRRIIQNAQQIFHLDRAKASDLTIPEIIHGVRDLCKKLFVLRGENELIKEAQQNATSLFQCLVRARLATRRILEEFRLNRDAFEWVLGTIEAQFQRSLVHPGEMVGVIAAQSIGEPATQMTLNTFHYAGVSSKNVTLGVPRLKEILNVAKNIKTPALTVYLDREIALDIEKAKVIQSSIEYTTLKNVTSATEIYYDPDPTSTVIEEDFDTVEAYFSIPDEKVEETIDKQSPWLLRLELDRARMLDKQLTMNQVADKISEVFSDDLFVMWSEDNADKLIIRCRVIRDPKAMDEELEAEEDQMLKRIEAHMLDLIALRGIPGISKVYMVKHKVSVPDESGEYKNEELWALETDGINLAEVMAVPGVDSSRTYSNSFVEILSVLGIEATRSSLYKEILNVIAFDGSYVNYRHMALLVDVMTSRGYLMAITRHGINRADTGALMRCSFEETVEILFEAGAAAELDDCRGVSENVMLGQLAPMGTGAFDVMIDEKLLTSLPADYAPTMPLFKGKATQGSATPYDNNAQYDDEFNHDDVADVMFSPMAETGSGDDRSGGLTEYAGIQSPYQPTSPGLSATSPGFAPTSPGFAPTSPRYSPTSPGYSPTSPSYSPTSPSYSPTSPSYSPTSPSYSPTSPSYSPTSPSYSPTSPSYSPTSPSYSPTSPSYSPTSPQYSPTSPQYSPTSPQYSPTSPQYSPTSPQYSPTSPQYSPTSPQYSPTSPQYSPTSPQYSPTSPQYSPTSPQYSPTSPQYSPTSPQYSPTSPQYSPASPQYSPSRHSPNGESKEGE","DRNA"
"MSTNPKPQRKTKRNTNRRPQDVKFPGGGQIVGGVYLLPRRGPRLGVRATRKASERSQPRGRRQPIPKARRPEGRAWAQPGYPWPLYGNEGLGWAGWLLSPRGSRPSWGPTDPRRRSRNLGKVIDTLTCGFADLMGYIPLVGAPLGGAARALAHGVRVLEDGVNYATGNLPGCSFSIFLLALLSCLTIPASAYEVRNVSGIYHVTNDCSNSSIVYEAADVIMHTPGCVPCVREGNSSRCWVALTPTLAARNASVPTTTIRRHVDLLVGTAAFCSAMYVGDLCGSIFLVSQLFTFSPRRHETVQDCNCSIYPGHVSGHRMAWDMMMNWSPTTALVVSQLLRIPQAVVDMVAGAHWGVLAGLAYYSMVGNWAKVLIVALLFAGVDGETHTTGRVAGHTTSGFTSLFSSGASQKIQLVNTNGSWHINRTALNCNDSLQTGFFAALFYAHKFNSSGCPERMASCRPIDWFAQGWGPITYTKPNSSDQRPYCWHYAPRPCGVVPASQVCGPVYCFTPSPVVVGTTDRSGVPTYSWGENETDVMLLNNTRPPQGNWFGCTWMNSTGFTKTCGGPPCNIGGVGNRTLICPTDCFRKHPEATYTKCGSGPWLTPRCLVDYPYRLWHYPCTLNFSIFKVRMYVGGVEHRLNAACNWTRGERCNLEDRDRSELSPLLLSTTEWQILPCAFTTLPALSTGLIHLHQNIVDVQYLYGVGSAFVSFAIKWEYILLLFLLLADARVCACLWMMLLIAQAEAALENLVVLNAASVAGAHGILSFLVFFCAAWYIKGRLAPGAAYAFYGVWPLLLLLLALPPRAYALDREMAASCGGAVLVGLVFLTLSPYYKVFLTRLIWWLQYFITRAEAHMQVWVPPLNVRGGRDAIILLTCAVHPELIFDITKLLLAILGPLMVLQAGITRVPYFVRAQGLIRACMLVRKVAGGHYVQMAFMKLGALTGTYVYNHLTPLRDWAHAGLRDLAVAVEPVVFSAMETKVITWGADTAACGDIILGLPVSARRGKEIFLGPADSLEGQGWRLLAPITAYSQQTRGVLGCIITSLTGRDKNQVEGEVQVVSTATQSFLATCINGVCWTVYHGAGSKTLAGPKGPITQMYTNVDLDLVGWQAPPGARSMTPCSCGSSDLYLVTRHADVIPVRRRGDSRGSLLSPRPVSYLKGSSGGPLLCPSGHVVGVFRAAVCTRGVAKAVDFIPVESMETTMRSPVFTDNSSPPAVPQTFQVAHLHAPTGSGKSTKVPAAYAAQGYKVLVLNPSVAATLGFGAYMSKAHGIDPNIRTGVRTITTGGSITYSTYGKFLADGGCSGGAYDIIICDECHSTDSTTILGIGTVLDQAETAGARLVVLATATPPGSVTVPHPNIEEIGLSNNGEIPFYGKAIPIEAIKGGRHLIFCHSKKKCDELAAKLTGLGLNAVAYYRGLDVSVIPPIGDVVVVATDALMTGFTGDFDSVIDCNTCVTQTVDFSLDPTFTIETTTVPQDAVSRSQRRGRTGRGRSGIYRFVTPGERPSGMFDSSVLCECYDAGCAWYELTPAETSVRLRAYLNTPGLPVCQDHLEFWESVFTGLTHIDAHFLSQTKQAGDNFPYLVAYQATVCARAQAPPPSWDQMWKCLIRLKPTLHGPTPLLYRLGAVQNEVILTHPITKYIMACMSADLEVVTSTWVLVGGVLAALAAYCLTTGSVVIVGRIILSGKPAVVPDREVLYQEFDEMEECASQLPYIEQGMQLAEQFKQKALGLLQTATKQAEAAAPVVESKWRALETFWAKHMWNFISGIQYLAGLSTLPGNPAIASLMAFTASITSPLTTQNTLLFNILGGWVAAQLAPPSAASAFVGAGIAGAAVGSIGLGKVLVDILAGYGAGVAGALVAFKVMSGEVPSTEDLVNLLPAILSPGALVVGVVCAAILRRHVGPGEGAVQWMNRLIAFASRGNHVSPTHYVPESDAAARVTQILSSLTITQLLKRLHQWINEDCSTPCSGSWLRDVWDWICTVLTDFKTWLQSKLLPRLPGVPFLSCQRGYKGVWRGDGIMQTTCPCGAQIAGHVKNGSMRIVGPRTCSNTWHGTFPINAYTTGPCTPSPAPNYSRALWRVAAEEYVEVTRVGDFHYVTGMTTDNVKCPCQVPAPEFFTEVDGVRLHRYAPACKPLLREDVTFQVGLNQYLVGSQLPCEPEPDVTVLTSMLTDPSHITAETAKRRLARGSPPSLASSSASQLSAPSLKATCTTHHDSPDADLIEANLLWRQEMGGNITRVESENKVVILDSFEPLHAEGDEREISVAAEILRKSRKFPSALPIWARPDYNPPLLESWKDPDYVPPVVHGCPLPPTKAPPIPPPRRKRTVVLTESNVSSALAELATKTFGSSGSSAVDSGTATALPDLASDDGDKGSDVESYSSMPPLEGEPGDPDLSDGSWSTVSEEASEDVVCCSMSYTWTGALITPCAAEESKLPINPLSNSLLRHHNMVYATTSRSASLRQKKVTFDRLQVLDDHYRDVLKEMKAKASTVKAKLLSIEEACKLTPPHSAKSKFGYGAKDVRNLSSRAVNHIRSVWEDLLEDTETPIDTTIMAKSEVFCVQPEKGGRKPARLIVFPDLGVRVCEKMALYDVVSTLPQAVMGSSYGFQYSPKQRVEFLVNTWKSKKCPMGFSYDTRCFDSTVTESDIRVEESIYQCCDLAPEARQAIRSLTERLYIGGPLTNSKGQNCGYRRCRASGVLTTSCGNTLTCYLKATAACRAAKLQDCTMLVNGDDLVVICESAGTQEDAAALRAFTEAMTRYSAPPGDPPQPEYDLELITSCSSNVSVAHDASGKRVYYLTRDPTTPLARAAWETARHTPINSWLGNIIMYAPTLWARMILMTHFFSILLAQEQLEKALDCQIYGACYSIEPLDLPQIIERLHGLSAFTLHSYSPGEINRVASCLRKLGVPPLRTWRHRARSVRAKLLSQGGRAATCGRYLFNWAVRTKLKLTPIPAASQLDLSGWFVAGYSGGDIYHSLSRARPRWFPLCLLLLSVGVGIYLLPNR","DRNA"
"MSWLLFLAHRVALAALPCRRGSRGFGMFYAVRRGRKTGVFLTWNECRAQVDRFPAARFKKFATEDEAWAFVRKSASPEVSEGHENQHGQESEAKASKRLREPLDGDGHESAEPYAKHMKPSVEPAPPVSRDTFSYMGDFVVVYTDGCCSSNGRRRPRAGIGVYWGPGHPLNVGIRLPGRQTNQRAEIHAACKAIEQAKTQNINKLVLYTDSMFTINGITNWVQGWKKNGWKTSAGKEVINKEDFVALERLTQGMDIQWMHVPGHSGFIGNEEADRLAREGAKQSED","DRNA"
"MTSPLPTPTWQELRQFIESFIQERLQGKLDKLQPDEDDKRQTLLATHRREAWLADAARRVGQLQLVTHTLKPIHPDARGSNLHSLPQAPGQPGLAGSHELGDRLVSDVVGNAAALDVFKFLSLQYQGKNLLNWLTEDSAEALQALSDNAEQAREWRQAFIGITTVKGAPASHSLAKQLYFPLPGSGYHLLAPLFPTSLVHHVHALLREARFGDAAKAAREARSRQESWPHGFSEYPNLAIQKFGGTKPQNISQLNNERRGENWLLPSLPPNWQRQNVNAPMRHSSVFEHDFGRTPEVSRLTRTLQRFLAKTVHNNLAIRQRRAQLVAQICDEALQYAARLRELEPGWSATPGCQLHDAEQLWLDPLRAQTDETFLQRRLRGDWPAEVGNRFANWLNRAVSSDSQILGSPEAAQWSQELSKELTMFKEILEDERD","DRNA"
"MYLNLYKIDIPKKIKRLYFYNPDMEPKLFARNLSRVNNFKFQDSNDLVWIEIPDIDFQITPKNVFQYKVEKEEIIKEEEDKKLFVKTLYKYIKKLFLDNDFYFKKGNNFISNSEVFSLDSNENVNAHLTYKIKIHNISNEYYLSILPKFTFLSKEPALESAIKSGYLYNIKSGKSFPYISGLDGILKIDIGNNQIVEVAYPENYLFNFTTRDAEKYGFSKEVHEIYKNKVFEGFKKIPKTLGFLNKITNLNENYQLKDGYKIFINVIYKFKNGESRYAKDVFKYSFYKNEQPLKAIFFFSSKKQFFEVQKSLKELFHNKHSVFYRAAAELGFSKVEFLRDSKTKSSAFLYNPEEFTVKNTEFINQIEDNVMAIVLLDKYIGNIDPLVRNFPDNLILQPILKEKLEDIKPFIIKSYVYKMGNFIPECKPFILKKMEDKEKNLYIGIDLSHDTYARKTNLCIAAVDNTGDILYIGKHKNLELNEKMNLDILEKEYIKAFEKYIEKFNVSPENVFILRDGRFIEDIEIIKNFISYNDTKYTLVEVNKNTNINSYDDLKEWIIKLDENTYIYYPKTFLNQKGVEVKILENNTDYTIEEIIEQIYLLTRVAHSTPYTNYKLPYPLHIANKVALTDYEWKLYIPY","DRNA"
